Workbook
Name BrokenRange: #REF!
Name PriceData: ref_data!$A$2:$A$11
Name VolumeTotal: ref_data!$B$12

Sheet cell_types
A1: Type | B1: Cell | C1: Notes
A2: t=s (shared string) | B2: Hello from shared strings | C2: openpyxl writes as t=s by default
A3: t=str (formula string) | B3: =TEXT(DATE(2025,3,31),"MMM-YY") -> Mar-25 | C3: formula result is a string, t=str
A4: t=b TRUE | B4: TRUE | C4: boolean cell t=b v=1
A5: t=b FALSE | B5: FALSE | C5: boolean cell t=b v=0
A6: t=e #DIV/0! | B6: =1/0 -> #DIV/0! | C6: will be error after recalc
A7: t=e #REF! | B7: #REF! | C7: injected as t=e #REF! directly
A8: t=e #VALUE! | B8: =1+"text" -> #VALUE! | C8: type mismatch error
A9: t=e #N/A | B9: =NA() -> #N/A | C9: NA error
A10: t=e #NAME? | B10: #NAME? | C10: injected as t=e #NAME? directly
A11: t=e #NUM! | B11: =SQRT(-1) -> #NUM! | C11: invalid numeric operation
A12: t=e #NULL! | B12: #NULL! | C12: injected as t=e #NULL! directly
A13: numeric (no t attr) | B13: 42.5 | C13: plain float, no t attr
A14: numeric date | B14: 45747 | C14: stored as serial, style=date
A15: numeric time | B15: 0.60416667 | C15: stored as fraction, style=time
A16: empty cell (no value) | C16: cell exists in XML, no <v> element
A17: sparse (absent from XML) | C17: B17 not written to XML at all
A18: t=inlineStr | B18: inline string value | C18: injected as t=inlineStr <is><t>
A19: large integer | B19: 9999999999 | C19: large int stored as float in XML
A20: scientific notation | B20: 1.2345679e+15 | C20: stored as 1.23456789E+15 in XML
A21: negative number | B21: -98765.43 | C21: negative float
A22: zero | B22: 0 | C22: explicit zero
A23: integer | B23: 100 | C23: whole number

Sheet ref_data
A1: Price | B1: Volume | C1: Category | E1: ContractID | F1: Rate
A2: 450.25 | B2: 1000 | C2: NY#11 | E2: C001 | F2: 3.25
A3: 462.1 | B3: 1200 | C3: LDN#5 | E3: C002 | F3: 3.5
A4: 448.75 | B4: 800 | C4: NY#11 | E4: C003 | F4: 3.1
A5: 471.3 | B5: 1500 | C5: LDN#5 | E5: C004 | F5: 3.75
A6: 459.8 | B6: 1100 | C6: NY#11 | E6: C005 | F6: 3.4
A7: 463.55 | B7: 900 | C7: NY#11
A8: 455.2 | B8: 1300 | C8: LDN#5
A9: 469.9 | B9: 1050 | C9: NY#11
A10: 452.4 | B10: 1400 | C10: LDN#5
A11: 467.15 | B11: 950 | C11: NY#11
A12: =SUM(A2:A11) -> 4600.4 | B12: =SUM(B2:B11) -> 11200

Sheet formulas
A1: Formula Type | B1: Cell | C1: Expected Value | D1: Notes
A2: simple arithmetic | B2: =10 + 25 -> 35 | C2: 35 | D2: constant arithmetic
A3: cell reference | B3: =B2 + 5 -> 40 | C3: 40 | D3: relative reference to B2
A4: cross-sheet unquoted | B4: =ref_data!A2 -> 450.25 | C4: 450.25 | D4: sheet name has no spaces
A5: cross-sheet quoted | B5: =cell_types!B13 -> 42.5 | C5: 42.5 | D5: quoted because spaces/special chars
A6: cross-sheet SUM range | B6: =SUM(ref_data!A2:A11) -> 4600.4 | C6: 4600.4 | D6: range reference across sheet
A8: shared formula DEF | B8: =E8*F8 -> 1000 | E8: 100 | F8: 10
A9: shared formula child | B9: =E9*F9 -> 4000 | E9: 200 | F9: 20
A10: shared formula child | B10: =E10*F10 -> 9000 | E10: 300 | F10: 30
A11: shared formula child | B11: =E11*F11 -> 16000 | E11: 400 | F11: 40
A13: named range formula | B13: =SUM(PriceData) -> 4600.4 | C13: 4600.4 | D13: PriceData = ref_data!$A$2:$A$11
A14: VLOOKUP | B14: =VLOOKUP("C003",ref_data!$E$2:$F$6,2,FALSE) -> 3.1 | C14: 3.1 | D14: lookup across sheet
A15: IF formula | B15: =IF(ref_data!A2>460,"High","Low") -> Low | C15: Low | D15: conditional returning string
A16: INDEX/MATCH | B16: =INDEX(ref_data!$A$2:$A$11,MATCH(MAX(ref_data!$A$2:$A$11),ref_data!$A$2:$A$11,0)) -> 471.3 | C16: 471.3 | D16: nested lookup
A17: SUM multi-range | B17: =SUM(ref_data!A2:A6,ref_data!A7:A11) -> 4600.4 | C17: 4600.4 | D17: two ranges in SUM
A18: volatile TODAY() | B18: =TODAY() -> 46107 | C18: changes daily | D18: volatile function
A19: volatile NOW() | B19: =NOW() -> 46107.507 | C19: changes on recalc | D19: volatile datetime
A20: volatile OFFSET | B20: =OFFSET(ref_data!A2,2,0) -> 448.75 | C20: 448.75 | D20: volatile reference shift
A21: formula no cached value | B21: =B2*2 -> 70 | C21: 70 | D21: will patch to remove <v> from XML
A22: external workbook ref | B22: #REF! | C22: #REF or flag | D22: ref to another .xlsx file
A23: array formula | B23: {=SUMPRODUCT(ref_data!$A$2:$A$11,ref_data!$B$2:$B$11)} -> 5156002.5 | C23: sum of products | D23: t=array in XML

Sheet merged_cells
A1: Hedge Position Summary — Q1 2025
A2: NY #11 Positions | E2: LDN #5 Positions
A3: Month | B3: Lots | C3: MTM | D3: P&L | E3: Month | F3: Lots | G3: MTM | H3: P&L
A4: Jan-25 | B4: 100 | C4: 1500.5 | D4: 250.25 | E4: Jan-25 | F4: 80 | G4: 1200.75 | H4: 180.5
A5: Feb-25 | B5: 200 | C5: 3001 | D5: 500.5 | E5: Feb-25 | F5: 160 | G5: 2401.5 | H5: 361
A6: Mar-25 | B6: 300 | C6: 4501.5 | D6: 750.75 | E6: Mar-25 | F6: 240 | G6: 3602.25 | H6: 541.5
A7: Apr-25 | B7: 400 | C7: 6002 | D7: 1001 | E7: Apr-25 | F7: 320 | G7: 4803 | H7: 722
A8: May-25 | B8: 500 | C8: 7502.5 | D8: 1251.25 | E8: May-25 | F8: 400 | G8: 6003.75 | H8: 902.5
A9: Jun-25 | B9: 600 | C9: 9003 | D9: 1501.5 | E9: Jun-25 | F9: 480 | G9: 7204.5 | H9: 1083
A11: Total | B11: =SUM(B4:B9) -> 2100 | C11: =SUM(C4:C9) -> 31510.5 | D11: =SUM(D4:D9) -> 5255.25 | E11: =SUM(E4:E9) -> 0 | F11: =SUM(F4:F9) -> 1680 | G11: =SUM(G4:G9) -> 25215.75 | H11: =SUM(H4:H9) -> 3790.5
A16: Left Block | D16: Right Block | H16: Solo
A18: Deep Merge Block | C18: Data row 18
C19: Data row 19
C20: Data row 20
C21: Data row 21
C22: Data row 22

Sheet freeze_panes
A1: FREEZE CONFIG: Row 1 frozen (topLeftCell=A2)
A2: Contract | B2: Lots | C2: Price | D2: MTM | E2: Date | F2: Status
A3: C001 | B3: 50 | C3: 451.5 | D3: 750.25 | E3: 45658 | F3: Closed
A4: C002 | B4: 100 | C4: 453 | D4: 1500.5 | E4: 45659 | F4: Active
A5: C003 | B5: 150 | C5: 454.5 | D5: 2250.75 | E5: 45660 | F5: Closed
A6: C004 | B6: 200 | C6: 456 | D6: 3001 | E6: 45661 | F6: Active
A7: C005 | B7: 250 | C7: 457.5 | D7: 3751.25 | E7: 45662 | F7: Closed
A8: C006 | B8: 300 | C8: 459 | D8: 4501.5 | E8: 45663 | F8: Active
A9: C007 | B9: 350 | C9: 460.5 | D9: 5251.75 | E9: 45664 | F9: Closed
A10: C008 | B10: 400 | C10: 462 | D10: 6002 | E10: 45665 | F10: Active
A11: C009 | B11: 450 | C11: 463.5 | D11: 6752.25 | E11: 45666 | F11: Closed
A12: C010 | B12: 500 | C12: 465 | D12: 7502.5 | E12: 45667 | F12: Active
A13: C011 | B13: 550 | C13: 466.5 | D13: 8252.75 | E13: 45668 | F13: Closed
A14: C012 | B14: 600 | C14: 468 | D14: 9003 | E14: 45669 | F14: Active
... A21: C019 | B21: 950 | C21: 478.5 | D21: 14254.75 | E21: 45676 | F21: Closed

Sheet sheet_structure
A1: DENSE ZONE (A1:J20)
A2: 11 | B2: 12 | C2: 13 | D2: 14 | E2: 15 | F2: 16 | G2: 17 | H2: 18 | I2: 19 | J2: 20
A3: 21 | B3: 22 | C3: 23 | D3: 24 | E3: 25 | F3: 26 | G3: 27 | H3: 28 | I3: 29 | J3: 30
A4: 31 | B4: 32 | C4: 33 | D4: 34 | E4: 35 | F4: 36 | G4: 37 | H4: 38 | I4: 39 | J4: 40
A5: 41 | B5: 42 | C5: 43 | D5: 44 | E5: 45 | F5: 46 | G5: 47 | H5: 48 | I5: 49 | J5: 50
A6: 51 | B6: 52 | C6: 53 | D6: 54 | E6: 55 | F6: 56 | G6: 57 | H6: 58 | I6: 59 | J6: 60
A7: 61 | B7: 62 | C7: 63 | D7: 64 | E7: 65 | F7: 66 | G7: 67 | H7: 68 | I7: 69 | J7: 70
A8: 71 | B8: 72 | C8: 73 | D8: 74 | E8: 75 | F8: 76 | G8: 77 | H8: 78 | I8: 79 | J8: 80
A9: 81 | B9: 82 | C9: 83 | D9: 84 | E9: 85 | F9: 86 | G9: 87 | H9: 88 | I9: 89 | J9: 90
A10: 91 | B10: 92 | C10: 93 | D10: 94 | E10: 95 | F10: 96 | G10: 97 | H10: 98 | I10: 99 | J10: 100
A11: 101 | B11: 102 | C11: 103 | D11: 104 | E11: 105 | F11: 106 | G11: 107 | H11: 108 | I11: 109 | J11: 110
A12: 111 | B12: 112 | C12: 113 | D12: 114 | E12: 115 | F12: 116 | G12: 117 | H12: 118 | I12: 119 | J12: 120
A13: 121 | B13: 122 | C13: 123 | D13: 124 | E13: 125 | F13: 126 | G13: 127 | H13: 128 | I13: 129 | J13: 130
... A21: 201 | B21: 202 | C21: 203 | D21: 204 | E21: 205 | F21: 206 | G21: 207 | H21: 208 | I21: 209 | J21: 210
A24: SPARSE ZONE
B25: First sparse cell | C25: 100
B40: Gap jump to row 40 | C40: 200
B100: Deep row 100 | C100: 300 | F100: Same row, col F
A102: WIDE ZONE (cols up to AE)
A103: A | B103: B | C103: C | D103: D | E103: E | F103: F | G103: G | H103: H | I103: I | J103: J | K103: K | L103: L | M103: M | N103: N | O103: O | P103: P | Q103: Q | R103: R | S103: S | T103: T | U103: U | V103: V | W103: W | X103: X | Y103: Y | Z103: Z | AA103: AA | AB103: AB | AC103: AC | AD103: AD | AE103: AE
A104: 1 | B104: 2 | C104: 3 | D104: 4 | E104: 5 | F104: 6 | G104: 7 | H104: 8 | I104: 9 | J104: 10 | K104: 11 | L104: 12 | M104: 13 | N104: 14 | O104: 15 | P104: 16 | Q104: 17 | R104: 18 | S104: 19 | T104: 20 | U104: 21 | V104: 22 | W104: 23 | X104: 24 | Y104: 25 | Z104: 26 | AA104: 27 | AB104: 28 | AC104: 29 | AD104: 30 | AE104: 31
A106: FORMULA-ONLY ZONE
B107: =2*2 -> 4 | C107: =B107+1 -> 5 | D107: =C107*3 -> 15 | E107: =SUM(B107:D107) -> 24 | F107: =E107/B107 -> 6
A109: VALUES-ONLY ZONE
A110: 111 | B110: 222 | C110: 333 | D110: 444 | E110: 555 | F110: 666 | G110: 777
A1000: ROW 1000 marker | B1000: 1000
A1001: =A1000&" +1" -> ROW 1000 marker +1 | B1001: =B1000+1 -> 1001

Sheet cross_sheet_refs
A1: Cross-Sheet Reference Tests
A3: Ref Type | B3: Formula | C3: Sheets Touched | D3: Result
A4: single sheet | B4: =ref_data!A2 -> 450.25 | C4: ref_data | D4: 450.25
A5: two sheets | B5: =ref_data!A2 + cell_types!B13 -> 492.75 | C5: ref_data, cell_types | D5: 492.75
A6: three sheets | B6: =ref_data!A2 + cell_types!B13 + formulas!B2 -> 527.75 | C6: ref_data, cell_types, formulas | D6: 527.75
A7: quoted sheet name | B7: =cell_types!B19 -> 9999999999 | C7: cell_types (quoted) | D7: 9999999999
A8: indirect chain | B8: =formulas!B6 -> 4600.4 | C8: formulas -> ref_data | D8: 4600.4
A9: named range | B9: =SUM(PriceData) -> 4600.4 | C9: resolves via registry | D9: 4600.4
A10: two named ranges | B10: =SUM(PriceData) + VolumeTotal -> 15800.4 | C10: two registry lookups | D10: 15800.4
A11: ref to hidden sheet | B11: =empty_sheet!A1 -> 0 | C11: empty_sheet (hidden)
A13: circular ref A | B13: =D13 | D13: =B13
A14: circular ref B
A15: external workbook ref | B15: #REF! | C15: [other.xlsx]Sheet1!A1 | D15: parser flags, does not crash

Sheet sheet_with_table
A1: Futures Positions — March 2025
A2: Contract | B2: Direction | C2: Lots | D2: Entry Price | E2: MTM Price | F2: MTM Value | G2: P&L
A3: Mar-25 NY#11 | B3: Long | C3: 500 | D3: 449.5 | E3: 452.3 | F3: 226150 | G3: 1400
A4: Mar-25 NY#11 | B4: Short | C4: 200 | D4: 451.2 | E4: 452.3 | F4: 90460 | G4: -220
A5: May-25 NY#11 | B5: Long | C5: 350 | D5: 453.8 | E5: 456.1 | F5: 159635 | G5: 805
A6: May-25 LDN#5 | B6: Long | C6: 120 | D6: 515 | E6: 518.5 | F6: 62220 | G6: 420
A7: Jul-25 LDN#5 | B7: Short | C7: 80 | D7: 517.3 | E7: 518.5 | F7: 41480 | G7: -96
A8: Total | C8: =SUM(C3:C7) -> 1250 | F8: =SUM(F3:F7) -> 579945 | G8: =SUM(G3:G7) -> 2309

Sheet edge_cases
A1: Edge Case | B1: Value | C1: Notes | D1: Hidden Col Header | E1: Zero-width col
A2: s=0 explicit | B2: 42 | C2: s='0' explicitly in XML, not absent | D2: hidden value 1 | E2: also hidden
A3: no s attribute | B3: 99 | C3: s attribute absent from XML entirely | D3: hidden value 2
A4: very large number | B4: 1.2345679e+15 | C4: stored as scientific in XML
A5: very small number | B5: 1.234e-09 | C5: tiny float
A6: negative large | B6: -9876543210 | C6: negative large float
A7: integer max | B7: 2147483647 | C7: int32 max value
A8: empty string value | C8: empty string - distinct from absent cell
A9: whitespace string | C9: three spaces
A10: unicode string | B10: السكر الخام | C10: Arabic text - RTL
A11: newline in string | B11: line one line two | C11: embedded newline
A12: ampersand in string | B12: Gain & Loss | C12: & stored as &amp; in XML
A13: formula zero result | B13: =0*100 -> 0 | C13: formula that evaluates to zero
A14: formula neg result | B14: =10-20 -> -10 | C14: formula with negative result
A15: row spans present | B15: 15 | C15: this row has spans attr in XML
A16: custom height row | B16: 16 | C16: customHeight=1 in XML
A17: default height row | B17: 17 | C17: no customHeight attr
A18: hidden column | B18: see col D | C18: Column D is hidden (width=0, hidden=True)
A19: zero-width column | B19: see col E | C19: Column E has width=0

Sheet empty_sheet

Sheet sparse_no_dim
C3: Sparse Label | D3: 100 | F3: 200
C7: Sparse Label | E7: 300
D15: =D3+E7 -> 400

Sheet single_cell
A1: 42

Sheet non_a1_dimension
C3: Header 1 | D3: Header 2 | E3: Header 3 | F3: Header 4
C4: 1 | D4: 2 | E4: 3 | F4: 4
C5: 5 | D5: 6 | E5: 7 | F5: 8
C6: 9 | D6: 10 | E6: 11 | F6: 12
C10: =SUM(C4:C9) -> 15 | D10: =SUM(D4:D9) -> 18 | E10: =SUM(E4:E9) -> 21 | F10: =SUM(F4:F9) -> 24
